id,name,email,gender,region
5,Customer5,customer5@example.com,Female,Europe
10,Customer10,customer10@example.com,Male,Europe
15,Customer15,customer15@example.com,Female,Europe
20,Customer20,customer20@example.com,Male,Europe
25,Customer25,customer25@example.com,Female,Europe
30,Customer30,customer30@example.com,Male,Europe
35,Customer35,customer35@example.com,Female,Europe
40,Customer40,customer40@example.com,Male,Europe
45,Customer45,customer45@example.com,Female,Europe
50,Customer50,customer50@example.com,Male,Europe
55,Customer55,customer55@example.com,Female,Europe
60,Customer60,customer60@example.com,Male,Europe
65,Customer65,customer65@example.com,Female,Europe
70,Customer70,customer70@example.com,Male,Europe
75,Customer75,customer75@example.com,Female,Europe
80,Customer80,customer80@example.com,Male,Europe
85,Customer85,customer85@example.com,Female,Europe
90,Customer90,customer90@example.com,Male,Europe
95,Customer95,customer95@example.com,Female,Europe
100,Customer100,customer100@example.com,Male,Europe
105,Customer105,customer105@example.com,Female,Europe
110,Customer110,customer110@example.com,Male,Europe
115,Customer115,customer115@example.com,Female,Europe
120,Customer120,customer120@example.com,Male,Europe
125,Customer125,customer125@example.com,Female,Europe
130,Customer130,customer130@example.com,Male,Europe
135,Customer135,customer135@example.com,Female,Europe
140,Customer140,customer140@example.com,Male,Europe
145,Customer145,customer145@example.com,Female,Europe
150,Customer150,customer150@example.com,Male,Europe
155,Customer155,customer155@example.com,Female,Europe
160,Customer160,customer160@example.com,Male,Europe
165,Customer165,customer165@example.com,Female,Europe
170,Customer170,customer170@example.com,Male,Europe
175,Customer175,customer175@example.com,Female,Europe
180,Customer180,customer180@example.com,Male,Europe
185,Customer185,customer185@example.com,Female,Europe
190,Customer190,customer190@example.com,Male,Europe
195,Customer195,customer195@example.com,Female,Europe
200,Customer200,customer200@example.com,Male,Europe
205,Customer205,customer205@example.com,Female,Europe
210,Customer210,customer210@example.com,Male,Europe
215,Customer215,customer215@example.com,Female,Europe
220,Customer220,customer220@example.com,Male,Europe
225,Customer225,customer225@example.com,Female,Europe
230,Customer230,customer230@example.com,Male,Europe
235,Customer235,customer235@example.com,Female,Europe
240,Customer240,customer240@example.com,Male,Europe
245,Customer245,customer245@example.com,Female,Europe
250,Customer250,customer250@example.com,Male,Europe
255,Customer255,customer255@example.com,Female,Europe
260,Customer260,customer260@example.com,Male,Europe
265,Customer265,customer265@example.com,Female,Europe
270,Customer270,customer270@example.com,Male,Europe
275,Customer275,customer275@example.com,Female,Europe
280,Customer280,customer280@example.com,Male,Europe
285,Customer285,customer285@example.com,Female,Europe
290,Customer290,customer290@example.com,Male,Europe
295,Customer295,customer295@example.com,Female,Europe
300,Customer300,customer300@example.com,Male,Europe
305,Customer305,customer305@example.com,Female,Europe
310,Customer310,customer310@example.com,Male,Europe
315,Customer315,customer315@example.com,Female,Europe
320,Customer320,customer320@example.com,Male,Europe
325,Customer325,customer325@example.com,Female,Europe
330,Customer330,customer330@example.com,Male,Europe
335,Customer335,customer335@example.com,Female,Europe
340,Customer340,customer340@example.com,Male,Europe
345,Customer345,customer345@example.com,Female,Europe
350,Customer350,customer350@example.com,Male,Europe
355,Customer355,customer355@example.com,Female,Europe
360,Customer360,customer360@example.com,Male,Europe
365,Customer365,customer365@example.com,Female,Europe
370,Customer370,customer370@example.com,Male,Europe
375,Customer375,customer375@example.com,Female,Europe
380,Customer380,customer380@example.com,Male,Europe
385,Customer385,customer385@example.com,Female,Europe
390,Customer390,customer390@example.com,Male,Europe
395,Customer395,customer395@example.com,Female,Europe
400,Customer400,customer400@example.com,Male,Europe
405,Customer405,customer405@example.com,Female,Europe
410,Customer410,customer410@example.com,Male,Europe
415,Customer415,customer415@example.com,Female,Europe
420,Customer420,customer420@example.com,Male,Europe
425,Customer425,customer425@example.com,Female,Europe
430,Customer430,customer430@example.com,Male,Europe
435,Customer435,customer435@example.com,Female,Europe
440,Customer440,customer440@example.com,Male,Europe
445,Customer445,customer445@example.com,Female,Europe
450,Customer450,customer450@example.com,Male,Europe
455,Customer455,customer455@example.com,Female,Europe
460,Customer460,customer460@example.com,Male,Europe
465,Customer465,customer465@example.com,Female,Europe
470,Customer470,customer470@example.com,Male,Europe
475,Customer475,customer475@example.com,Female,Europe
480,Customer480,customer480@example.com,Male,Europe
485,Customer485,customer485@example.com,Female,Europe
490,Customer490,customer490@example.com,Male,Europe
495,Customer495,customer495@example.com,Female,Europe
500,Customer500,customer500@example.com,Male,Europe
